{"train_loss": [3.3579919561138, 2.5874525192307263, 2.1147822553549354, 1.7506021527740043, 1.4616386090836875, 1.190346016631863, 0.9565531856160823, 0.7383077701902002, 0.5573984640158289, 0.42315720191331413], "val_loss": [2.4350870270882883, 1.7924614933229261, 1.312420311474031, 0.9986036237209074, 0.8111198457979387, 0.5611988027249614, 0.44296812818896386, 0.3082933524443257, 0.23290698302368965, 0.16581449633644474], "val_accuracy": [0.8943089430894309, 0.9298780487804879, 0.9339430894308943, 0.9390243902439024, 0.9664634146341463, 0.9684959349593496, 0.9745934959349594, 0.9776422764227642, 0.9796747967479674, 0.9806910569105691], "val_f1": [0.8911490163246191, 0.9225164404098408, 0.9272591082934775, 0.9314892404058241, 0.9664623511130508, 0.9686494048244947, 0.975101196900518, 0.9778608556355134, 0.9799166201818456, 0.9807737294168412]}